status,seg,mask,target,out_seg,out_mask,candidate_angle_degrees,candidate_to_target_rotation_degrees,final_rotation_degrees,scale_applied,translation_x_applied,translation_y_applied,matches,inliers,inlier_ratio,mean_inlier_score,reason
ok,ducret-autun-t2-cut/seg/log1.jpg,ducret-autun-t2-cut/masks/log1.png,ducret-autun-t1/log1.jpg,ducret-autun-t2-cut-align-full-similarity/seg/log1.jpg,ducret-autun-t2-cut-align-full-similarity/masks/log1.png,0.0,-2.484852045648301,-2.484852045648301,1.0406930684546107,515.9668971496301,-470.8850069016937,1225,319,0.26040816326530614,0.8730911016464233,
failed,ducret-autun-t2-cut/seg/log10.jpg,ducret-autun-t2-cut/masks/log10.png,,,,,,,,,,,,,,ValueError('No reference image found for log id 10')
ok,ducret-autun-t2-cut/seg/log11.jpg,ducret-autun-t2-cut/masks/log11.png,ducret-autun-t1/log11.jpg,ducret-autun-t2-cut-align-full-similarity/seg/log11.jpg,ducret-autun-t2-cut-align-full-similarity/masks/log11.png,270.0,88.8563367458507,-1.1436632541493148,1.3015054219023803,-503.5081194763434,-558.2447722335573,1270,231,0.18188976377952756,0.9033231139183044,
ok,ducret-autun-t2-cut/seg/log12.jpg,ducret-autun-t2-cut/masks/log12.png,ducret-autun-t1/log12.jpg,ducret-autun-t2-cut-align-full-similarity/seg/log12.jpg,ducret-autun-t2-cut-align-full-similarity/masks/log12.png,0.0,0.729813528132196,0.729813528132196,1.075022910612135,20.799961756208177,385.1884062237234,1355,677,0.4996309963099631,0.9531331062316895,
ok,ducret-autun-t2-cut/seg/log13.jpg,ducret-autun-t2-cut/masks/log13.png,ducret-autun-t1/log13.jpg,ducret-autun-t2-cut-align-full-similarity/seg/log13.jpg,ducret-autun-t2-cut-align-full-similarity/masks/log13.png,180.0,91.45900894683126,-88.54099105316875,0.9483473886379515,4561.70296742916,-805.0904993237446,1460,405,0.2773972602739726,0.9141073226928711,
ok,ducret-autun-t2-cut/seg/log14.jpg,ducret-autun-t2-cut/masks/log14.png,ducret-autun-t1/log14.jpg,ducret-autun-t2-cut-align-full-similarity/seg/log14.jpg,ducret-autun-t2-cut-align-full-similarity/masks/log14.png,270.0,0.1046571025559479,-89.89534289744407,1.0460660407568632,4508.047683306588,-983.5941450384917,1465,457,0.3119453924914676,0.9726933240890503,
ok,ducret-autun-t2-cut/seg/log15.jpg,ducret-autun-t2-cut/masks/log15.png,ducret-autun-t1/log15.jpg,ducret-autun-t2-cut-align-full-similarity/seg/log15.jpg,ducret-autun-t2-cut-align-full-similarity/masks/log15.png,135.0,-45.372575789501006,89.627424210499,0.9809657081918822,1037.4888697565955,4178.940103445853,1350,276,0.20444444444444446,0.8876873254776001,
ok,ducret-autun-t2-cut/seg/log16.jpg,ducret-autun-t2-cut/masks/log16.png,ducret-autun-t1/log16.jpg,ducret-autun-t2-cut-align-full-similarity/seg/log16.jpg,ducret-autun-t2-cut-align-full-similarity/masks/log16.png,270.0,91.05549564577493,1.0554956457749058,0.9996149148658549,218.36238949739857,222.5744745104712,1407,509,0.3617626154939588,0.9220573902130127,
ok,ducret-autun-t2-cut/seg/log17.jpg,ducret-autun-t2-cut/masks/log17.png,ducret-autun-t1/log17.jpg,ducret-autun-t2-cut-align-full-similarity/seg/log17.jpg,ducret-autun-t2-cut-align-full-similarity/masks/log17.png,90.0,-0.5849543869772974,89.4150456130227,1.082751036260576,1036.7042666763275,4467.849252987242,1249,409,0.32746196957566054,0.8034549355506897,
ok,ducret-autun-t2-cut/seg/log18.jpg,ducret-autun-t2-cut/masks/log18.png,ducret-autun-t1/log18.jpg,ducret-autun-t2-cut-align-full-similarity/seg/log18.jpg,ducret-autun-t2-cut-align-full-similarity/masks/log18.png,90.0,-0.7654850465222814,89.23451495347773,1.0051277560260945,1179.9742101031895,4467.849261277965,1403,438,0.3121881682109765,0.936593234539032,
ok,ducret-autun-t2-cut/seg/log19.jpg,ducret-autun-t2-cut/masks/log19.png,ducret-autun-t1/log19.jpg,ducret-autun-t2-cut-align-full-similarity/seg/log19.jpg,ducret-autun-t2-cut-align-full-similarity/masks/log19.png,0.0,-0.12449279121838555,-0.12449279121838555,1.033878708051809,-527.5553684125128,80.88362883428908,1240,319,0.25725806451612904,0.8763429522514343,
ok,ducret-autun-t2-cut/seg/log2.jpg,ducret-autun-t2-cut/masks/log2.png,ducret-autun-t1/log2.jpg,ducret-autun-t2-cut-align-full-similarity/seg/log2.jpg,ducret-autun-t2-cut-align-full-similarity/masks/log2.png,90.0,-88.89223119905758,1.1077688009424138,1.0324540969793963,389.7429059533397,147.40819322981315,1453,437,0.3007570543702684,0.8892693519592285,
ok,ducret-autun-t2-cut/seg/log20.jpg,ducret-autun-t2-cut/masks/log20.png,ducret-autun-t1/log20.jpg,ducret-autun-t2-cut-align-full-similarity/seg/log20.jpg,ducret-autun-t2-cut-align-full-similarity/masks/log20.png,270.0,-0.4037249543553286,-90.40372495435535,0.8750627245652445,4504.603591082417,-538.2371864524926,1356,430,0.31710914454277284,0.8623637557029724,
ok,ducret-autun-t2-cut/seg/log21.jpg,ducret-autun-t2-cut/masks/log21.png,ducret-autun-t1/log21.jpg,ducret-autun-t2-cut-align-full-similarity/seg/log21.jpg,ducret-autun-t2-cut-align-full-similarity/masks/log21.png,45.0,-46.77604634155427,-1.7760463415542704,0.8082618866754901,727.7195917923125,565.4437277344164,1265,236,0.1865612648221344,0.9126488566398621,
ok,ducret-autun-t2-cut/seg/log22.jpg,ducret-autun-t2-cut/masks/log22.png,ducret-autun-t1/log22.jpg,ducret-autun-t2-cut-align-full-similarity/seg/log22.jpg,ducret-autun-t2-cut-align-full-similarity/masks/log22.png,270.0,-1.9652850237020334,-91.96528502370205,0.8586471769752694,4294.912045829083,-220.77098711945496,1320,356,0.2696969696969697,0.9143421053886414,
ok,ducret-autun-t2-cut/seg/log23.jpg,ducret-autun-t2-cut/masks/log23.png,ducret-autun-t1/log23.jpg,ducret-autun-t2-cut-align-full-similarity/seg/log23.jpg,ducret-autun-t2-cut-align-full-similarity/masks/log23.png,135.0,-134.44702794276208,0.5529720572379363,0.9267289393835622,283.6833803408281,104.24068635802132,1272,475,0.37342767295597484,0.8506458401679993,
ok,ducret-autun-t2-cut/seg/log24.jpg,ducret-autun-t2-cut/masks/log24.png,ducret-autun-t1/log24.jpg,ducret-autun-t2-cut-align-full-similarity/seg/log24.jpg,ducret-autun-t2-cut-align-full-similarity/masks/log24.png,270.0,90.34790362309268,0.3479036230926697,1.1814083406108484,-466.5350920443793,-327.8755387040537,1315,330,0.2509505703422053,0.8019999265670776,
ok,ducret-autun-t2-cut/seg/log25.jpg,ducret-autun-t2-cut/masks/log25.png,ducret-autun-t1/log25.jpg,ducret-autun-t2-cut-align-full-similarity/seg/log25.jpg,ducret-autun-t2-cut-align-full-similarity/masks/log25.png,0.0,-0.464507342315663,-0.464507342315663,1.1781063300002728,-402.04222489772474,-369.23458859918105,1398,636,0.45493562231759654,0.9567650556564331,
ok,ducret-autun-t2-cut/seg/log26.jpg,ducret-autun-t2-cut/masks/log26.png,ducret-autun-t1/log26.jpg,ducret-autun-t2-cut-align-full-similarity/seg/log26.jpg,ducret-autun-t2-cut-align-full-similarity/masks/log26.png,270.0,-2.476040738310918,-92.47604073831094,1.0371455449483453,4724.118690554024,-928.9452900359436,1407,671,0.47690120824449184,0.9639268517494202,
ok,ducret-autun-t2-cut/seg/log27.jpg,ducret-autun-t2-cut/masks/log27.png,ducret-autun-t1/log27.jpg,ducret-autun-t2-cut-align-full-similarity/seg/log27.jpg,ducret-autun-t2-cut-align-full-similarity/masks/log27.png,270.0,-3.8339315463195316,-93.83393154631953,1.2414544254688795,5099.552181593205,-1122.2200708527942,1227,258,0.21026894865525672,0.7939907312393188,
ok,ducret-autun-t2-cut/seg/log28.jpg,ducret-autun-t2-cut/masks/log28.png,ducret-autun-t1/log28.jpg,ducret-autun-t2-cut-align-full-similarity/seg/log28.jpg,ducret-autun-t2-cut-align-full-similarity/masks/log28.png,225.0,43.14311256708027,-91.85688743291975,1.017566549852661,3941.5248809235695,-689.9567471751247,1410,536,0.3801418439716312,0.9454837441444397,
ok,ducret-autun-t2-cut/seg/log29.jpg,ducret-autun-t2-cut/masks/log29.png,ducret-autun-t1/log29.jpg,ducret-autun-t2-cut-align-full-similarity/seg/log29.jpg,ducret-autun-t2-cut-align-full-similarity/masks/log29.png,270.0,-1.055522402486741,-91.05552240248676,1.002142177445293,4000.7483669710896,-505.08672201720515,1398,606,0.4334763948497854,0.9718236923217773,
ok,ducret-autun-t2-cut/seg/log3.jpg,ducret-autun-t2-cut/masks/log3.png,ducret-autun-t1/log3.jpg,ducret-autun-t2-cut-align-full-similarity/seg/log3.jpg,ducret-autun-t2-cut-align-full-similarity/masks/log3.png,270.0,1.6472781981345752,-88.35272180186544,1.1002085631991074,4064.0683410134534,-356.76041299044084,1333,292,0.21905476369092272,0.8709657788276672,
ok,ducret-autun-t2-cut/seg/log30.jpg,ducret-autun-t2-cut/masks/log30.png,ducret-autun-t1/log30.jpg,ducret-autun-t2-cut-align-full-similarity/seg/log30.jpg,ducret-autun-t2-cut-align-full-similarity/masks/log30.png,270.0,90.62261506282755,0.6226150628275441,1.097231781700249,-144.7103302782158,-77.27318637545159,1322,717,0.5423600605143721,0.897323727607727,
ok,ducret-autun-t2-cut/seg/log31.jpg,ducret-autun-t2-cut/masks/log31.png,ducret-autun-t1/log31.jpg,ducret-autun-t2-cut-align-full-similarity/seg/log31.jpg,ducret-autun-t2-cut-align-full-similarity/masks/log31.png,180.0,88.90634349490026,-91.09365650509976,1.0900848459953667,4021.601466475937,-752.9824617301956,1377,671,0.48729121278140886,0.8966584801673889,
ok,ducret-autun-t2-cut/seg/log32.jpg,ducret-autun-t2-cut/masks/log32.png,ducret-autun-t1/log32.jpg,ducret-autun-t2-cut-align-full-similarity/seg/log32.jpg,ducret-autun-t2-cut-align-full-similarity/masks/log32.png,270.0,-0.50087238183455,-90.50087238183457,1.0837680780714742,4533.5229665407605,-1327.000438830791,1265,216,0.1707509881422925,0.7906922101974487,
ok,ducret-autun-t2-cut/seg/log33.jpg,ducret-autun-t2-cut/masks/log33.png,ducret-autun-t1/log33.jpg,ducret-autun-t2-cut-align-full-similarity/seg/log33.jpg,ducret-autun-t2-cut-align-full-similarity/masks/log33.png,0.0,0.09390248986858722,0.09390248986858722,1.276991432523146,-874.6182400260691,-674.3318670299411,1346,371,0.27563150074294207,0.8852579593658447,
ok,ducret-autun-t2-cut/seg/log34.jpg,ducret-autun-t2-cut/masks/log34.png,ducret-autun-t1/log34.jpg,ducret-autun-t2-cut-align-full-similarity/seg/log34.jpg,ducret-autun-t2-cut-align-full-similarity/masks/log34.png,0.0,0.21209699267663304,0.21209699267663304,1.043529571015854,336.3912821807244,133.4799325298036,1079,206,0.19091751621872105,0.8540120720863342,
ok,ducret-autun-t2-cut/seg/log35.jpg,ducret-autun-t2-cut/masks/log35.png,ducret-autun-t1/log35.jpg,ducret-autun-t2-cut-align-full-similarity/seg/log35.jpg,ducret-autun-t2-cut-align-full-similarity/masks/log35.png,0.0,-2.9300607354496604,-2.9300607354496604,1.0209144932663632,-901.9435864156194,-83.88050999631332,1411,447,0.31679659815733524,0.9525153040885925,
ok,ducret-autun-t2-cut/seg/log36.jpg,ducret-autun-t2-cut/masks/log36.png,ducret-autun-t1/log36.jpg,ducret-autun-t2-cut-align-full-similarity/seg/log36.jpg,ducret-autun-t2-cut-align-full-similarity/masks/log36.png,0.0,-1.925832136017188,-1.925832136017188,1.1834653979931538,-203.90048760836362,-54.08353970821281,1092,202,0.184981684981685,0.6381161212921143,
ok,ducret-autun-t2-cut/seg/log37.jpg,ducret-autun-t2-cut/masks/log37.png,ducret-autun-t1/log37.jpg,ducret-autun-t2-cut-align-full-similarity/seg/log37.jpg,ducret-autun-t2-cut-align-full-similarity/masks/log37.png,270.0,-5.56800391480655,-95.56800391480655,1.0409070910319884,4530.58335317572,-176.18902667579755,1307,350,0.26778882938026016,0.906602680683136,
ok,ducret-autun-t2-cut/seg/log38.jpg,ducret-autun-t2-cut/masks/log38.png,ducret-autun-t1/log38.jpg,ducret-autun-t2-cut-align-full-similarity/seg/log38.jpg,ducret-autun-t2-cut-align-full-similarity/masks/log38.png,0.0,-5.713280817289595,-5.713280817289595,1.0736446053811137,472.4624814243,-606.2973130471778,1300,326,0.25076923076923074,0.9340202212333679,
ok,ducret-autun-t2-cut/seg/log39.jpg,ducret-autun-t2-cut/masks/log39.png,ducret-autun-t1/log39.jpg,ducret-autun-t2-cut-align-full-similarity/seg/log39.jpg,ducret-autun-t2-cut-align-full-similarity/masks/log39.png,90.0,-92.34830248980103,-2.34830248980103,1.2078939468669796,-204.90354468587884,-702.0597607808027,1188,262,0.22053872053872053,0.8781158328056335,
ok,ducret-autun-t2-cut/seg/log4.jpg,ducret-autun-t2-cut/masks/log4.png,ducret-autun-t1/log4.jpg,ducret-autun-t2-cut-align-full-similarity/seg/log4.jpg,ducret-autun-t2-cut-align-full-similarity/masks/log4.png,270.0,1.7268282371631691,-88.27317176283684,1.0345824216878328,3843.9971089890187,-736.5971026807856,1249,371,0.29703763010408324,0.7239542007446289,
ok,ducret-autun-t2-cut/seg/log40.jpg,ducret-autun-t2-cut/masks/log40.png,ducret-autun-t1/log40.jpg,ducret-autun-t2-cut-align-full-similarity/seg/log40.jpg,ducret-autun-t2-cut-align-full-similarity/masks/log40.png,270.0,84.05209647011435,-5.9479035298856635,0.9804768370921917,-7.699853605677163,-196.15729217823718,1338,659,0.49252615844544095,0.9014431238174438,
ok,ducret-autun-t2-cut/seg/log41.jpg,ducret-autun-t2-cut/masks/log41.png,ducret-autun-t1/log41.jpg,ducret-autun-t2-cut-align-full-similarity/seg/log41.jpg,ducret-autun-t2-cut-align-full-similarity/masks/log41.png,315.0,41.54468455241042,-3.455315447589593,1.011148357644258,497.95132091810365,37.95517834916518,1213,237,0.1953833470733718,0.7289732694625854,
ok,ducret-autun-t2-cut/seg/log42.jpg,ducret-autun-t2-cut/masks/log42.png,ducret-autun-t1/log42.jpg,ducret-autun-t2-cut-align-full-similarity/seg/log42.jpg,ducret-autun-t2-cut-align-full-similarity/masks/log42.png,45.0,-47.20369291184514,-2.2036929118451427,1.033990000677352,-744.6435773032067,-222.8398350420971,1312,205,0.15625,0.926446259021759,
ok,ducret-autun-t2-cut/seg/log43.jpg,ducret-autun-t2-cut/masks/log43.png,ducret-autun-t1/log43.jpg,ducret-autun-t2-cut-align-full-similarity/seg/log43.jpg,ducret-autun-t2-cut-align-full-similarity/masks/log43.png,0.0,0.1982419587568235,0.1982419587568235,0.9390641612823237,759.9389242637808,13.450395383239538,1374,521,0.3791848617176128,0.8634273409843445,
ok,ducret-autun-t2-cut/seg/log44.jpg,ducret-autun-t2-cut/masks/log44.png,ducret-autun-t1/log44.jpg,ducret-autun-t2-cut-align-full-similarity/seg/log44.jpg,ducret-autun-t2-cut-align-full-similarity/masks/log44.png,225.0,45.02664976687731,-89.9733502331227,0.8680251752655705,4413.949785892526,-537.5741789412041,1329,285,0.2144469525959368,0.7067806720733643,
ok,ducret-autun-t2-cut/seg/log45.jpg,ducret-autun-t2-cut/masks/log45.png,ducret-autun-t1/log45.jpg,ducret-autun-t2-cut-align-full-similarity/seg/log45.jpg,ducret-autun-t2-cut-align-full-similarity/masks/log45.png,225.0,43.99024266336239,-91.00975733663762,1.2913531429784804,4301.612221286824,-1553.436599104437,1306,274,0.20980091883614088,0.8156684637069702,
ok,ducret-autun-t2-cut/seg/log46.jpg,ducret-autun-t2-cut/masks/log46.png,ducret-autun-t1/log46.jpg,ducret-autun-t2-cut-align-full-similarity/seg/log46.jpg,ducret-autun-t2-cut-align-full-similarity/masks/log46.png,0.0,-88.97756180742161,-88.97756180742161,0.9093496585562,3462.1152626520643,-773.3706968553764,1449,376,0.25948930296756384,0.93219393491745,
ok,ducret-autun-t2-cut/seg/log47.jpg,ducret-autun-t2-cut/masks/log47.png,ducret-autun-t1/log47.jpg,ducret-autun-t2-cut-align-full-similarity/seg/log47.jpg,ducret-autun-t2-cut-align-full-similarity/masks/log47.png,0.0,0.7081388046840589,0.7081388046840589,1.0520954078509073,-773.4654682284656,-109.18751679507022,1177,267,0.2268479184367035,0.8465590476989746,
ok,ducret-autun-t2-cut/seg/log48.jpg,ducret-autun-t2-cut/masks/log48.png,ducret-autun-t1/log48.jpg,ducret-autun-t2-cut-align-full-similarity/seg/log48.jpg,ducret-autun-t2-cut-align-full-similarity/masks/log48.png,315.0,-45.07769020766778,-90.0776902076678,1.161303625284158,4884.714751423171,-1147.633480247695,1405,369,0.26263345195729537,0.8416132926940918,
ok,ducret-autun-t2-cut/seg/log49.jpg,ducret-autun-t2-cut/masks/log49.png,ducret-autun-t1/log49.jpg,ducret-autun-t2-cut-align-full-similarity/seg/log49.jpg,ducret-autun-t2-cut-align-full-similarity/masks/log49.png,315.0,-44.65578847692292,-89.65578847692294,1.1273902146081916,4674.512399783296,-1167.1309025893179,1380,375,0.2717391304347826,0.937955379486084,
ok,ducret-autun-t2-cut/seg/log5.jpg,ducret-autun-t2-cut/masks/log5.png,ducret-autun-t1/log5.jpg,ducret-autun-t2-cut-align-full-similarity/seg/log5.jpg,ducret-autun-t2-cut-align-full-similarity/masks/log5.png,135.0,132.95427592546523,-92.04572407453479,1.0311453476734807,4871.952008159518,-476.9314261897798,1363,324,0.23771093176815847,0.8317273855209351,
ok,ducret-autun-t2-cut/seg/log50.jpg,ducret-autun-t2-cut/masks/log50.png,ducret-autun-t1/log50.jpg,ducret-autun-t2-cut-align-full-similarity/seg/log50.jpg,ducret-autun-t2-cut-align-full-similarity/masks/log50.png,0.0,0.6670877054070053,0.6670877054070053,1.0458197963481655,-798.2721869149731,-162.10666816242679,1375,411,0.2989090909090909,0.9311839938163757,
ok,ducret-autun-t2-cut/seg/log51.jpg,ducret-autun-t2-cut/masks/log51.png,ducret-autun-t1/log51.jpg,ducret-autun-t2-cut-align-full-similarity/seg/log51.jpg,ducret-autun-t2-cut-align-full-similarity/masks/log51.png,45.0,-133.67465746350607,-88.67465746350608,1.274990335412731,4145.863300683834,-1818.9966170658547,1196,209,0.17474916387959866,0.820682942867279,
ok,ducret-autun-t2-cut/seg/log52.jpg,ducret-autun-t2-cut/masks/log52.png,ducret-autun-t1/log52.jpg,ducret-autun-t2-cut-align-full-similarity/seg/log52.jpg,ducret-autun-t2-cut-align-full-similarity/masks/log52.png,0.0,2.115270651879833,2.115270651879833,1.0218655690132927,-853.1168150970873,71.2789455272648,1431,446,0.3116701607267645,0.9114125370979309,
ok,ducret-autun-t2-cut/seg/log53.jpg,ducret-autun-t2-cut/masks/log53.png,ducret-autun-t1/log53.jpg,ducret-autun-t2-cut-align-full-similarity/seg/log53.jpg,ducret-autun-t2-cut-align-full-similarity/masks/log53.png,315.0,46.311055942026975,1.3110559420269638,0.8382236559841881,-116.6305402033488,302.3099901898081,1388,504,0.3631123919308357,0.8527939319610596,
ok,ducret-autun-t2-cut/seg/log54.jpg,ducret-autun-t2-cut/masks/log54.png,ducret-autun-t1/log54.jpg,ducret-autun-t2-cut-align-full-similarity/seg/log54.jpg,ducret-autun-t2-cut-align-full-similarity/masks/log54.png,45.0,-43.29455093447644,1.7054490655235524,0.9673946400820803,-489.48765198778983,292.572728277195,1239,311,0.2510088781275222,0.8739733695983887,
ok,ducret-autun-t2-cut/seg/log55.jpg,ducret-autun-t2-cut/masks/log55.png,ducret-autun-t1/log55.jpg,ducret-autun-t2-cut-align-full-similarity/seg/log55.jpg,ducret-autun-t2-cut-align-full-similarity/masks/log55.png,45.0,-47.80355831220844,-2.803558312208443,0.8739833637281271,479.05899388305534,278.4343549425648,1342,382,0.2846497764530551,0.8956183791160583,
ok,ducret-autun-t2-cut/seg/log56.jpg,ducret-autun-t2-cut/masks/log56.png,ducret-autun-t1/log56.jpg,ducret-autun-t2-cut-align-full-similarity/seg/log56.jpg,ducret-autun-t2-cut-align-full-similarity/masks/log56.png,90.0,-89.4907954535587,0.509204546441295,0.8694607650187839,433.4093223382679,562.5456941439531,1212,425,0.35066006600660066,0.6146352291107178,
ok,ducret-autun-t2-cut/seg/log57.jpg,ducret-autun-t2-cut/masks/log57.png,ducret-autun-t1/log57.jpg,ducret-autun-t2-cut-align-full-similarity/seg/log57.jpg,ducret-autun-t2-cut-align-full-similarity/masks/log57.png,0.0,-3.1614588738346825,-3.1614588738346825,0.9864717454878761,382.3914429189075,-230.42669029957233,1249,249,0.19935948759007205,0.7632317543029785,
ok,ducret-autun-t2-cut/seg/log58.jpg,ducret-autun-t2-cut/masks/log58.png,ducret-autun-t1/log58.jpg,ducret-autun-t2-cut-align-full-similarity/seg/log58.jpg,ducret-autun-t2-cut-align-full-similarity/masks/log58.png,270.0,1.2153028162768225,-88.78469718372318,1.0193225106069466,4876.440181243839,-990.5658721010628,1192,266,0.2231543624161074,0.913701593875885,
ok,ducret-autun-t2-cut/seg/log59.jpg,ducret-autun-t2-cut/masks/log59.png,ducret-autun-t1/log59.jpg,ducret-autun-t2-cut-align-full-similarity/seg/log59.jpg,ducret-autun-t2-cut-align-full-similarity/masks/log59.png,180.0,176.11251329254387,-3.887486707456147,0.8842013651461647,863.3842442145142,259.53417772269495,1343,607,0.45197319434102756,0.7708905935287476,
ok,ducret-autun-t2-cut/seg/log6.jpg,ducret-autun-t2-cut/masks/log6.png,ducret-autun-t1/log6.jpg,ducret-autun-t2-cut-align-full-similarity/seg/log6.jpg,ducret-autun-t2-cut-align-full-similarity/masks/log6.png,0.0,-88.16616789158367,-88.16616789158367,1.0322520112397238,4424.448672512291,-651.2714583797506,1307,245,0.1874521805661821,0.8580960631370544,
ok,ducret-autun-t2-cut/seg/log60.jpg,ducret-autun-t2-cut/masks/log60.png,ducret-autun-t1/log60.jpg,ducret-autun-t2-cut-align-full-similarity/seg/log60.jpg,ducret-autun-t2-cut-align-full-similarity/masks/log60.png,270.0,88.93492841424414,-1.0650715857558772,1.0197727036872946,75.1127554198871,-44.21184081373758,1491,731,0.4902749832327297,0.9389746785163879,
ok,ducret-autun-t2-cut/seg/log61.jpg,ducret-autun-t2-cut/masks/log61.png,ducret-autun-t1/log61.jpg,ducret-autun-t2-cut-align-full-similarity/seg/log61.jpg,ducret-autun-t2-cut-align-full-similarity/masks/log61.png,0.0,-96.67984879774082,-96.67984879774082,1.0693978773578108,4764.4671419470815,-1123.1818124022798,1076,573,0.5325278810408922,0.8767575621604919,
ok,ducret-autun-t2-cut/seg/log62.jpg,ducret-autun-t2-cut/masks/log62.png,ducret-autun-t1/log62.jpg,ducret-autun-t2-cut-align-full-similarity/seg/log62.jpg,ducret-autun-t2-cut-align-full-similarity/masks/log62.png,0.0,-1.9235789024069336,-1.9235789024069336,1.1068617576604873,-150.23780808821573,-514.0694183668793,1243,241,0.19388576025744167,0.8778859972953796,
ok,ducret-autun-t2-cut/seg/log63.jpg,ducret-autun-t2-cut/masks/log63.png,ducret-autun-t1/log63.jpg,ducret-autun-t2-cut-align-full-similarity/seg/log63.jpg,ducret-autun-t2-cut-align-full-similarity/masks/log63.png,180.0,94.67660195834333,-85.32339804165669,1.0395559368774474,4310.7784419882655,-1192.5096451137015,1453,345,0.23743977976600136,0.907813310623169,
ok,ducret-autun-t2-cut/seg/log64.jpg,ducret-autun-t2-cut/masks/log64.png,ducret-autun-t1/log64.jpg,ducret-autun-t2-cut-align-full-similarity/seg/log64.jpg,ducret-autun-t2-cut-align-full-similarity/masks/log64.png,135.0,137.09224451317448,-87.90775548682554,0.7947942101723287,3661.5119612413323,-322.4452496546819,1403,500,0.3563791874554526,0.9388765692710876,
ok,ducret-autun-t2-cut/seg/log65.jpg,ducret-autun-t2-cut/masks/log65.png,ducret-autun-t1/log65.jpg,ducret-autun-t2-cut-align-full-similarity/seg/log65.jpg,ducret-autun-t2-cut-align-full-similarity/masks/log65.png,0.0,0.8863053607876006,0.8863053607876006,1.0632322994036005,-547.2845327222924,-291.3219452408439,1327,290,0.2185380557648832,0.9083025455474854,
ok,ducret-autun-t2-cut/seg/log69.jpg,ducret-autun-t2-cut/masks/log69.png,ducret-autun-t1/log69.jpg,ducret-autun-t2-cut-align-full-similarity/seg/log69.jpg,ducret-autun-t2-cut-align-full-similarity/masks/log69.png,45.0,-41.4753369205419,3.5246630794581018,1.166076082364946,-767.3361347233513,-188.02335488556037,1322,439,0.3320726172465961,0.8371177911758423,
ok,ducret-autun-t2-cut/seg/log7.jpg,ducret-autun-t2-cut/masks/log7.png,ducret-autun-t1/log7.jpg,ducret-autun-t2-cut-align-full-similarity/seg/log7.jpg,ducret-autun-t2-cut-align-full-similarity/masks/log7.png,270.0,1.1888152097212694,-88.81118479027874,1.077971974240359,4503.180129513153,-699.5378208901986,1476,463,0.3136856368563686,0.9448258876800537,
ok,ducret-autun-t2-cut/seg/log70.jpg,ducret-autun-t2-cut/masks/log70.png,ducret-autun-t1/log70.jpg,ducret-autun-t2-cut-align-full-similarity/seg/log70.jpg,ducret-autun-t2-cut-align-full-similarity/masks/log70.png,0.0,3.5338532318805145,3.5338532318805145,1.0403348906501269,-64.44209570079329,754.66926588085,1248,266,0.21314102564102563,0.8751201033592224,
ok,ducret-autun-t2-cut/seg/log71.jpg,ducret-autun-t2-cut/masks/log71.png,ducret-autun-t1/log71.jpg,ducret-autun-t2-cut-align-full-similarity/seg/log71.jpg,ducret-autun-t2-cut-align-full-similarity/masks/log71.png,135.0,-35.46895949135544,99.53104050864457,0.8460883564196555,1997.5181568029632,4089.3999373914994,1397,267,0.19112383679312814,0.8675504326820374,
ok,ducret-autun-t2-cut/seg/log72.jpg,ducret-autun-t2-cut/masks/log72.png,ducret-autun-t1/log72.jpg,ducret-autun-t2-cut-align-full-similarity/seg/log72.jpg,ducret-autun-t2-cut-align-full-similarity/masks/log72.png,270.0,13.734451271002554,-76.26554872899746,1.0112799221405997,3958.964395221503,-929.1599323033854,1466,362,0.24693042291950887,0.9548732042312622,
ok,ducret-autun-t2-cut/seg/log73.jpg,ducret-autun-t2-cut/masks/log73.png,ducret-autun-t1/log73.jpg,ducret-autun-t2-cut-align-full-similarity/seg/log73.jpg,ducret-autun-t2-cut-align-full-similarity/masks/log73.png,225.0,39.588443637805675,-95.41155636219433,1.0749575948848151,4310.043542799667,-466.8725149216382,1294,459,0.3547140649149923,0.8324337005615234,
ok,ducret-autun-t2-cut/seg/log74.jpg,ducret-autun-t2-cut/masks/log74.png,ducret-autun-t1/log74.jpg,ducret-autun-t2-cut-align-full-similarity/seg/log74.jpg,ducret-autun-t2-cut-align-full-similarity/masks/log74.png,90.0,-77.05720897844476,12.942791021555234,1.0147433644573707,-1127.1580430341396,849.0515491207586,1356,177,0.13053097345132744,0.8497386574745178,
ok,ducret-autun-t2-cut/seg/log75.jpg,ducret-autun-t2-cut/masks/log75.png,ducret-autun-t1/log75.jpg,ducret-autun-t2-cut-align-full-similarity/seg/log75.jpg,ducret-autun-t2-cut-align-full-similarity/masks/log75.png,270.0,88.59636150949086,-1.4036384905091512,1.0752757036433096,330.73111680696525,-304.87166964834523,1337,566,0.42333582647718776,0.8007440567016602,
ok,ducret-autun-t2-cut/seg/log76.jpg,ducret-autun-t2-cut/masks/log76.png,ducret-autun-t1/log76.jpg,ducret-autun-t2-cut-align-full-similarity/seg/log76.jpg,ducret-autun-t2-cut-align-full-similarity/masks/log76.png,270.0,-0.9431323610333373,-90.94313236103335,1.0606738372688047,4850.12543589262,-291.7334025031141,1446,370,0.25587828492392806,0.9291956424713135,
ok,ducret-autun-t2-cut/seg/log77.jpg,ducret-autun-t2-cut/masks/log77.png,ducret-autun-t1/log77.jpg,ducret-autun-t2-cut-align-full-similarity/seg/log77.jpg,ducret-autun-t2-cut-align-full-similarity/masks/log77.png,90.0,-90.17830601305148,-0.17830601305147556,1.3269536131796147,-983.3452446543743,-1021.2321111590691,1361,516,0.37913299044819987,0.7799139618873596,
ok,ducret-autun-t2-cut/seg/log78.jpg,ducret-autun-t2-cut/masks/log78.png,ducret-autun-t1/log78.jpg,ducret-autun-t2-cut-align-full-similarity/seg/log78.jpg,ducret-autun-t2-cut-align-full-similarity/masks/log78.png,0.0,-87.53621157925537,-87.53621157925537,1.069443645762908,4688.78159547231,-1232.7228970259869,1408,328,0.23295454545454544,0.8221201300621033,
ok,ducret-autun-t2-cut/seg/log79.jpg,ducret-autun-t2-cut/masks/log79.png,ducret-autun-t1/log79.jpg,ducret-autun-t2-cut-align-full-similarity/seg/log79.jpg,ducret-autun-t2-cut-align-full-similarity/masks/log79.png,270.0,88.76227300765127,-1.2377269923487402,0.8724662757372882,888.3377497091542,179.74396125754538,1365,665,0.48717948717948717,0.836633563041687,
ok,ducret-autun-t2-cut/seg/log8.jpg,ducret-autun-t2-cut/masks/log8.png,ducret-autun-t1/log8.jpg,ducret-autun-t2-cut-align-full-similarity/seg/log8.jpg,ducret-autun-t2-cut-align-full-similarity/masks/log8.png,270.0,-1.8438944963009598,-91.84389449630096,0.9574479639494219,4344.30672945659,-389.0877577908859,1303,256,0.19646968534151957,0.947803258895874,
ok,ducret-autun-t2-cut/seg/log80.jpg,ducret-autun-t2-cut/masks/log80.png,ducret-autun-t1/log80.jpg,ducret-autun-t2-cut-align-full-similarity/seg/log80.jpg,ducret-autun-t2-cut-align-full-similarity/masks/log80.png,45.0,47.59928409880876,92.59928409880875,1.3319285320041585,1188.3818878797538,5380.899185657328,1274,269,0.21114599686028257,0.81992506980896,
ok,ducret-autun-t2-cut/seg/log81.jpg,ducret-autun-t2-cut/masks/log81.png,ducret-autun-t1/log81.jpg,ducret-autun-t2-cut-align-full-similarity/seg/log81.jpg,ducret-autun-t2-cut-align-full-similarity/masks/log81.png,45.0,40.42763172336625,85.42763172336625,0.7674703201969073,1069.9852013043999,3504.2460042908083,1418,557,0.3928067700987306,0.9229351878166199,
ok,ducret-autun-t2-cut/seg/log82.jpg,ducret-autun-t2-cut/masks/log82.png,ducret-autun-t1/log82.jpg,ducret-autun-t2-cut-align-full-similarity/seg/log82.jpg,ducret-autun-t2-cut-align-full-similarity/masks/log82.png,0.0,0.5724604114553625,0.5724604114553625,0.7977157442566841,700.6386247117938,780.5748129283493,1412,536,0.37960339943342775,0.9261443614959717,
ok,ducret-autun-t2-cut/seg/log9.jpg,ducret-autun-t2-cut/masks/log9.png,ducret-autun-t1/log9.jpg,ducret-autun-t2-cut-align-full-similarity/seg/log9.jpg,ducret-autun-t2-cut-align-full-similarity/masks/log9.png,270.0,92.9542341508567,2.95423415085669,0.936476448645935,298.91013671457165,579.8950808246809,1398,267,0.19098712446351931,0.853374183177948,
